","
?
¡B
¡C
¡§
¡¨
¡m
¡n
¡I
¡A
¡G
¡F
¡H

--
..
>>
 [
 ]

<
>
/
\
|
-
_
+
=
&
^
%
#
@
`
;
$
¡]
¡^
¡X¡X
¡X
_
¡E
...
¡¥
¡¦
¡r
¡q
ÿ
¡@
0
1
2
3
4
5
6
7
8
9
0
1
2
3
4
5
6
7
8
9
¤G
¤T
¥|
¤­
¤»
¤C
¤K
¤E
¹s
¡Ö
¡Õ
¢I
¡­
¢C
¢H
¡s
¡®
¡¯
¡Ï
_
¡U
_
_
¡a
¡b$
0
1
2
3
4
5
6
7
8
9
?
_
¡§
¡¨
¡B
¡C
¡m
¡n
¤@
¤@¨Ç
¤@¦ó
¤@¤Á
¤@«h
¤@¤è­±
¤@¥¹
¤@¨Ó
¤@¼Ë
¤@¯ë
¤@Âà²´
¸U¤@
¤W
¤W¤U
¤U
¤£
¤£¶È
¤£¦ý
¤£¥ú
¤£³æ
¤£¥u
¤£¥~¥G
¤£¦p
¤£§«
¤£ºÉ
¤£ºÉµM
¤£±o
¤£©È
¤£±©
¤£¦¨
¤£©ë
¤£®Æ
¤£¬O
¤£¤ñ
¤£µM
¤£¯S
¤£¿W
¤£ºÞ
¤£¦Ü©ó
¤£­Y
¤£½×
¤£¹L
¤£°Ý
»P
»P¨ä
»P¨ä»¡
»P§_
»P¦¹¦P®É
¥B
¥B¤£»¡
¥B»¡
¨âªÌ
­Ó
­Ó§O
Á{
¬°
¬°¤F
¬°¤°»ò
¬°¦ó
¬°¤î
¬°¦¹
¬°µÛ
¤D
¤D¦Ü
¤D¦Ü©ó
»ò
¤§
¤§¤@
¤§©Ò¥H
¤§Ãþ
¯Q¥G
¥G
­¼
¤]
¤]¦n
¤]½}
¤F
¤G¨Ó
©ó
©ó¬O
©ó¬O¥G
¤ª¤ª
¤ªº¸
¨Ç
¥ç
¤H
¤H­Ì
¤H®a
¤°»ò
¤°»ò¼Ë
¤µ
¤¶©ó
¤´
¤´ÂÂ
±q
±q¦¹
±q¦Ó
¥L
¥L¤H
¥L­Ì
¥H
¥H¤W
¥H¬°
¥H«K
¥H§K
¥H¤Î
¥H¬G
¥H´Á
¥H¨Ó
¥H¦Ü
¥H¦Ü©ó
¥H­P
­Ì
¥ô
¥ô¦ó
¥ô¾Ì
¦üªº
¦ý
¦ý¤Z
¦ý¬O
¦ó
¦ó¥H
¦óªp
¦ó³B
¦ó®É
§E¥~
§@¬°
§A
§A­Ì
¨Ï
¨Ï±o
¨Ò¦p
¨Ì
¨Ì¾Ú
¨Ì·Ó
«K©ó
­Í
­Í­Ì
­Õ
­Õ¨Ï
­Õ©Î
­ÕµM
­Õ­Y
­É
°²¨Ï
°²¦p
°²­Y
ÅlµM
¹³
¨à
¥ý¤£¥ý
¥ú¬O
¥þÅé
¥þ³¡
¤¼
Ãö©ó
¨ä
¨ä¤@
¨ä¤¤
¨ä¤G
¨ä¥L
¨ä¾l
¨ä¥¦
¨ä¦¸
¨ãÅé¦a»¡
¨ãÅé»¡¨Ó
­Ý¤§
¤º
¦A
¦A¨ä¦¸
¦A«h
¦A¦³
¦AªÌ
¦AªÌ»¡
¦A»¡
«_
¨R
ªp¥B
´X
´X®É
¤Z
¤Z¬O
¾Ì
¾ÌÂÇ
¥X©ó
¥X¨Ó
¤À§O
«h
«h¬Æ
§O
§O¤H
§O³B
§O¬O
§Oªº
§OºÞ
§O»¡
¨ì
«e«á
«e¦¹
«eªÌ
¥[¤§
¥[¥H
§Y
§Y¥O
§Y¨Ï
§Y«K
§Y¦p
§Y©Î
§Y­Y
«o
¥h
¤S
¤S¤Î
¤Î
¤Î¨ä
¤Î¦Ü
¤Ï¤§
¤Ï¦Ó
¤Ï¹L¨Ó
¤Ï¹L¨Ó»¡
¨ü¨ì
¥t
¥t¤@¤è­±
¥t¥~
¥t±x
¥u
¥u·í
¥u©È
¥u¬O
¥u¦³
¥u®ø
¥u­n
¥u­­
¥s
¥m©N
¥i
¥i¥H
¥i¬O
¥i¨£
¦U
¦U­Ó
¦U¦ì
¦UºØ
¦U¦Û
¦P
¦P®É
«á
«áªÌ
¦V
¦V¨Ï
¦VµÛ
À~
¶Ü
§_«h
§a
§aèý
§s
§r
§c
¹Ã
Ðù
¶ã
¶ã©I
©O
¨þ
¨þ¨þ
©A
©IÐô
©Q
©M
©N
«x
«¨
«¥
«¥­Ì
«y
«z
«¢
«¢«¢
«v
«u
«u§r
«u³é
¼M
³é
®@
­ù
­þ
­þ­Ó
­þ¨Ç
­þ¨à
­þ¤Ñ
­þ¦~
­þ©È
­þ¼Ë
­þÃä
­þ¸Ì
­ó
­ó­ò
­ü
°ß¦³
°Ú
Ôu
Ô£
°Õ
°Ô¹F
Øj¾´
³Þ
Øo
³á­ò
¹Æ
¶ä
¶ä¶ä
_
¶â
¾¼
¹Ç
¹Çµn
¼N
¹À
¼H
¼K
¼K¼K
¦]
¦]¬°
¦]¤F
¦]¦¹
¦]µÛ
¦]¦Ó
©TµM
¦b
¦b¤U
¦b©ó
¦a
°ò©ó
³B¦b
¦h
¦h»ò
¦h¤Ö
¤j
¤j®a
¦o
¦o­Ì
¦n
¦p
¦p¤W
¦p¤W©Ò­z
¦p¤U
¦p¦ó
¦p¨ä
¦p¦P
¦p¬O
¦pªG
¦p¦¹
¦p­Y
©l¦Ó
±E®Æ
±Eª¾
¹ç
¹ç¥i
¹çÄ@
¹çªÖ
¥¦
¥¦­Ì
¹ï
¹ï©ó
¹ï«Ý
¹ï¤è
¹ï¤ñ
±N
¤p
º¸
º¸«á
º¸º¸
©|¥B
´N
´N¬O
´N¬O¤F
´N¬O»¡
´Nºâ
´N­n
ºÉ
¾¨ºÞ
¾¨ºÞ¦p¦¹
°Z¦ý
¤v
¤w
¤w¨o
¤Ú
¤Ú¤Ú
¨Ã
¨Ã¥B
¨Ã«D
±f¥G
±f´X
¶}¥~
¶}©l
Âk
Âk»ô
·í
·í¦a
·íµM
·íµÛ
©¼
©¼®É
©¼¦¹
©¹
«Ý
«Ü
±o
±o¤F
«ç
«ç»ò
«ç»ò¿ì
«ç»ò¼Ë
«ç©`
«ç¼Ë
Á`¤§
Á`ªº¨Ó¬Ý
Á`ªº¨Ó»¡
Á`ªº»¡¨Ó
Á`¦Ó¨¥¤§
«ê«ê¬Û¤Ï
±z
±©¨ä
ºC»¡
§Ú
§Ú­Ì
©Î
©Î«h
©Î¬O
©Î¤ê
©ÎªÌ
ºI¦Ü
©Ò
©Ò¥H
©Ò¦b
©Ò©¯
©Ò¦³
¤~
¤~¯à
¥´
¥´±q
§â
§í©Î
®³
«ö
«ö·Ó
´«¥y¸Ü»¡
´«¨¥¤§
¾Ú
¾Ú¦¹
±µµÛ
¬G
¬G¦¹
¬G¦Ó
®Ç¤H
µL
µL¹ç
µL½×
¬J
¬J©¹
¬J¬O
¬JµM
®É­Ô
¬O
¬O¥H
¬Oªº
´¿
´À
´À¥N
³Ì
¦³
¦³¨Ç
¦³Ãö
¦³¤Î
¦³®É
¦³ªº
±æ
´Â
´ÂµÛ
¥»
¥»¤H
¥»¦a
¥»µÛ
¥»¨­
¨Ó
¨ÓµÛ
¨Ó¦Û
¨Ó»¡
·¥¤F
ªGµM
ªG¯u
¬Y
¬Y­Ó
¬Y¨Ç
¬Y¬Y
®Ú¾Ú
Âj
¥¿­È
¥¿¦p
¥¿¥©
¥¿¬O
¦¹
¦¹¦a
¦¹³B
¦¹¥~
¦¹®É
¦¹¦¸
¦¹¶¡
¤ð¹ç
¨C
¨C·í
¤ñ
¤ñ¤Î
¤ñ¦p
¤ñ¤è
¨S©`¦ó
ªu
ªuµÛ
º©»¡
²j
µM«h
µM«á
µM¦Ó
·Ó
·ÓµÛ
µS¥B
µS¦Û
¬Æ¥B
¬Æ»ò
¬Æ©Î
¬Æ¦Ó
¬Æ¦Ü
¬Æ¦Ü©ó
¥Î
¥Î¨Ó
¥Ñ
¥Ñ©ó
¥Ñ¬O
¥Ñ¦¹
¥Ñ¦¹¥i¨£
ªº
ªº½T
ªº¸Ü
ª½¨ì
¬Û¹ï¦Ó¨¥
¬Ù±o
¬Ý
¯w²´
µÛ
µÛ©O
¨o
¨o¥G
¨o«v
Â÷
³º¦Ó
²Ä
µ¥
µ¥¨ì
µ¥µ¥
Â²¨¥¤§
ºÞ
Ãþ¦p
ºò±µµÛ
Áa
Áa¥O
Áa¨Ï
ÁaµM
¸g
¸g¹L
µ²ªG
µ¹
Ä~¤§
Ä~«á
Ä~¦Ó
ºî¤W©Ò­z
½}¤F
ªÌ
¦Ó
¦Ó¥B
¦Óªp
¦Ó«á
¦Ó¥~
¦Ó¤w
¦Ó¬O
¦Ó¨¥
¯à
¯à§_
ÄË
¦Û
¦Û­Ó¨à
¦Û±q
¦Û¦U¨à
¦Û«á
¦Û®a
¦Û¤v
¦Û¥´
¦Û¨­
¦Ü
¦Ü©ó
¦Ü¤µ
¦Ü­Y
­P
¯ëªº
­Y
­Y¤Ò
­Y¬O
­YªG
­Y«D
²ö¤£µM
²ö¦p
²ö­Y
Áö
Áö«h
ÁöµM
Áö»¡
³Q
­n
­n¤£
­n¤£¬O
­n¤£µM
­n»ò
­n¬O
Ä´³ë
Ä´¦p
Åý
³\¦h
½×
³]¨Ï
³]©Î
³]­Y
¸Û¦p
¸ÛµM
¸Ó
»¡¨Ó
½Ñ
½Ñ¦ì
½Ñ¦p
½Ö
½Ö¤H
½Ö®Æ
½Öª¾
¸é¦º
¿à¥H
»°
°_
°_¨£
¶X
¶XµÛ
¶V¬O
¶Z
¸ò
¸û
¸û¤§
Ãä
¹L
ÁÙ
ÁÙ¬O
ÁÙ¦³
ÁÙ­n
³o
³o¤@¨Ó
³o­Ó
³o»ò
³o»ò¨Ç
³o»ò¼Ë
³o»òÂI¨à
³o¨Ç
³o·|¨à
³o¨à
³o´N¬O»¡
³o®É
³o¼Ë
³o¦¸
³o¯ë
³oÃä
³o¸Ì
¶i¦Ó
³s
³s¦P
³v¨B
³q¹L
¿í´`
¿í·Ó
¨º
¨º­Ó
¨º»ò
¨º»ò¨Ç
¨º»ò¼Ë
¨º¨Ç
¨º·|¨à
¨º¨à
¨º®É
¨º¼Ë
¨º¯ë
¨ºÃä
¨º¸Ì
³£
»À¤H
Å³©ó
°w¹ï
ªü
°£
°£¤F
°£¥~
°£¶}
°£¦¹¤§¥~
°£«D
ÀH
ÀH«á
ÀH®É
ÀHµÛ
Ãø¹D»¡
«D¦ý
«D®{
«D¯S
«D¿W
¾a
¶¶
¶¶µÛ
­º¥ý
¡I
¡A
¡G
¡F
¡H
¡u
¡v
¡]
¡^